,ID,Volume
0,DN1,0.13333333333248001
1,DN2,0.13333333333248001
2,DN3,0.13333333333248001
3,DN4,0.13333333333248001
4,DN5,0.13333333333248001
5,DN6,0.13333333333248001
6,DN7,0.13333333333248001
7,DN8,0.13333333333248001
8,DN9,0.13333333333248001
