,ID,Volume
0,DN1,0.06666666666624001
1,DN2,0.06666666666624001
2,DN3,0.06666666666624001
3,DN4,0.06666666666624001
4,DN5,0.06666666666624001
5,DN6,0.06666666666624001
6,DN7,0.06666666666624001
7,DN8,0.06666666666624001
8,DN9,0.06666666666624001
