,ID,Volume
0,DN1,19.2000096
1,DN2,19.2000096
2,DN3,19.2000096
3,DN4,19.2000096
4,DN5,19.2000096
5,DN6,19.2000096
6,DN7,19.2000096
7,DN8,19.2000096
8,DN9,19.2000096
