,ID,Volume
0,DN1,1920.0000095999999
1,DN2,1920.0000095999999
2,DN3,2880.0
3,DN4,959.9999904000001
